URL,UR,Traffic,Traffic value,Referring domains,Keywords,Top keyword,Top keyword: Country,Top keyword: Volume,Top keyword: Position,Page type
https://www.opstart.ca/free-nuans/,7,432,1003.91,6,32,nuans search ontario,Canada,400,3,
https://www.opstart.ca/name-searches-2/,7,48,41.95,1,34,business name availability,Canada,80,4,Site page > Services
https://www.opstart.ca/,10,30,101.09,152,2,opstart,Canada,30,1,Site page > Services
https://www.opstart.ca/what-is-nuans-search-canada/,0,19,17.03,0,16,what is a nuans search,Canada,40,4,
https://www.opstart.ca/how-to-setup-business-email-with-google-workspaces/,0,19,76.14,0,16,business email gmail,Canada,150,8,
https://www.opstart.ca/incorporate-online-in-ontario/,7,17,112.16,0,6,ontario incorporation online,Canada,100,6,
https://www.opstart.ca/nuans-report-need/,4.5,15,0.00,0,4,what is a nuans report,Canada,100,5,
https://www.opstart.ca/ppsa-search/,7,12,13.85,0,5,ppsa search ontario,Canada,200,9,
https://www.opstart.ca/a-step-by-step-guide-to-registering-federal-corporations-in-ontario/,0,12,31.40,1,4,register federal corporation,Canada,70,5,
https://www.opstart.ca/how-to-search-a-business-name-in-ontario/,4.4,11,5.93,2,9,business name search in ontario,Canada,150,9,
https://www.opstart.ca/what-is-an-ontario-numbered-company-and-how-to-register-one-today/,4.5,9,11.58,1,5,numbered company ontario,Canada,80,9,
https://www.opstart.ca/top-8-restaurant-advertising-techniques/,4.5,9,34.38,1,1,restaurant advertising,Canada,150,7,
https://www.opstart.ca/client-vs-customer-whats-difference/,4.4,8,0.02,2,11,klien dan pelanggan apakah kata-kata ini,Indonesia,800,17,
https://www.opstart.ca/product/business-registration-renewal/,7,6,11.49,0,3,business registration renewal,Canada,30,4,
https://www.opstart.ca/nuans-search-vs-business-name-search/,0,6,4.43,0,6,name search nuans,Canada,40,6,
https://www.opstart.ca/what-is-nuans-and-3-ways-you-can-be-using-it-right-now/,0,6,10.22,0,1,what is nuans,Canada,100,7,
https://www.opstart.ca/consider-hiring-digital-strategist/,0,5,8.11,0,2,digital strategist,Canada,100,6,
https://www.opstart.ca/conducting-ontario-business-name-search-read-first/,0,4,3.56,0,1,business name check ontario,Canada,150,9,
https://www.opstart.ca/5-advantages-entrepreneurship/,0,4,0.68,1,4,benefits of being an entrepreneur,Canada,30,7,
https://www.opstart.ca/how-long-is-a-nuans-report-valid-ontario/,0,3,,0,1,how long is a nuans report good for,Canada,30,5,
https://www.opstart.ca/how-to-do-a-nuans-search-online/,0,3,2.44,0,3,nuans name search free,Canada,100,12,
https://www.opstart.ca/how-much-does-a-nuans-business-search-cost-in-ontario/,0,2,4.08,2,2,nuans report cost,Canada,80,12,
https://www.opstart.ca/10-budget-friendly-ideas-employee-incentives/,0,1,0.91,0,1,staff incentives,Canada,20,9,
https://www.opstart.ca/product/nuans-name-reservation-report-4/,0,1,2.68,0,3,ontario reservation report,Canada,20,8,
https://www.opstart.ca/pricing/,7,1,2.25,1,1,opstart,Canada,30,1,
https://www.opstart.ca/order-corporate-supplies/,7,1,1.54,0,1,corporate supplies,Canada,30,8,
https://www.opstart.ca/resilience-and-persistence-the-twin-pillars-of-entrepreneurial-success/,0,1,,0,1,persistence and resilience,Philippines,10,7,
https://www.opstart.ca/15-innovative-business-ideas-entrepreneurs/,4.5,1,0.15,3,6,random business ideas,Canada,10,7,Article > Listicle
https://www.opstart.ca/mastering-the-build-measure-learn-feedback-loop/,6,1,,0,1,build measure learn loop,Canada,20,6,
https://www.opstart.ca/12-benefits-of-team-building-that-you-cant-deny/,7,1,,3,1,benefits of working on a team,United States,10,5,
https://www.opstart.ca/product/operating-name/,7,1,0.58,1,1,business operating name,Canada,20,9,
https://www.opstart.ca/contact/,7,1,2.25,1,1,opstart,Canada,30,1,
https://www.opstart.ca/breaking-the-value-cost-trade-off-myth/,0,1,,0,1,value cost trade off,India,30,8,
https://www.opstart.ca/sole-proprietorship-101-what-it-is-and-how-it-works/,4.5,1,0.00,0,2,sole proprietorship examples in canada,Canada,20,8,
https://www.opstart.ca/registrations/,7,1,2.25,0,1,opstart,Canada,30,1,
https://www.opstart.ca/what-is-microfunding-and-how-can-you-use-it-for-your-startup/,0,1,4.36,0,1,microfunding,United States,30,8,
https://www.opstart.ca/10-great-small-restaurant-ideas/,0,1,1.11,1,2,restaurant ideas,Canada,200,17,
https://www.opstart.ca/top-10-business-ideas-for-stay-at-home-moms/,0,1,0.31,2,3,stay at home mom business ideas,Canada,10,9,
https://www.opstart.ca/a-guide-to-financing-a-startup-in-ontario/,0,1,,0,1,startup capital lenders,Canada,20,8,
https://www.opstart.ca/all-you-need-to-know-about-general-partnerships-in-ontario/,0,0,,1,1,ontario general partnership,Canada,50,22,
https://www.opstart.ca/market-expansion-strategy-can-boost-sales/,,0,0.00,,2,market expansion,India,350,47,
https://www.opstart.ca/promising-business-opportunities-canada/,,0,0.00,,1,business opportunities,Canada,100,98,
https://www.opstart.ca/5-ways-use-free-nuans-preliminary-search/,0,0,0.00,0,1,nuans name search free,Canada,100,1,
https://www.opstart.ca/10-fun-facts-about-pursuing-business-opportunities-in-canada/,0,0,,0,1,business facts,Canada,20,1,
https://www.opstart.ca/product/ontario-incorporation-2/,,0,0.00,,1,ontario incorporation,Canada,300,68,
https://www.opstart.ca/how-to-incorporate-a-business-in-ontario/,,0,0.24,,3,register a corporation in ontario,Canada,400,33,
https://www.opstart.ca/get-startup-business-loans-grants-ontario/,4.5,0,0.02,1,3,startup business loans,Canada,600,40,
https://www.opstart.ca/start-business-ontario-step-step/,0,0,0.00,0,2,opening a business in ontario,Canada,200,57,
https://www.opstart.ca/organizational-strategy-important/,4.7,0,0.00,3,4,define organizational strategy,United States,200,41,
https://www.opstart.ca/canadian-business-owners-take-note-all-about-federal-hst-in-ontario/,4.5,0,0.00,0,2,what is hst in canada,United States,350,76,
https://www.opstart.ca/use-demographics-build-marketing-profile/,0,0,,0,1,demographics marketing,Canada,20,9,
https://www.opstart.ca/what-to-look-for-when-choosing-your-ideal-business-partners/,,0,0.00,,1,business partnership examples,United States,400,1,
https://www.opstart.ca/the-complete-guide-to-starting-a-software-company/,0,0,1.21,0,1,starting a software company,Canada,10,6,
https://www.opstart.ca/first-time-business-owners-guide-success/,,0,0.00,,2,starting your own business,Canada,150,51,
https://www.opstart.ca/get-small-business-loans-canada/,0,0,0.11,0,4,how to get a business loan,Canada,900,35,
https://www.opstart.ca/what-makes-an-entrepreneur-10-key-qualities-of-successful-entrepreneurs/,,0,0.00,,2,qualities of successful entrepreneur,India,400,66,
https://www.opstart.ca/10-useful-questions-ask-business-plan-consultant/,0,0,,0,1,what questions to ask a business advisor roarbiznes,United States,450,35,
https://www.opstart.ca/how-to-register-a-sole-proprietorship-in-ontario/,,0,0.36,,1,register sole proprietorship ontario,Canada,400,28,
https://www.opstart.ca/company-registration-information-ontario-businesses/,,0,,,1,registration of business in ontario,Canada,250,63,
https://www.opstart.ca/guide-starting-salon-spa-business-ontario/,0,0,,0,1,spa license requirements ontario,Canada,0,7,
https://www.opstart.ca/how-to-grow-a-service-business-10-things-you-should-know/,,0,0.03,,1,service business,Canada,250,28,
https://www.opstart.ca/important-build-online-presence/,0,0,,1,1,online presence meaning,Canada,20,1,
https://www.opstart.ca/what-you-need-to-know-about-starting-a-small-business-in-ontario/,4.5,0,0.00,0,1,starting a business in ontario,Canada,500,35,
https://www.opstart.ca/what-is-great-customer-service-and-why-does-your-business-need-it/,4.5,0,0.00,2,4,what is great customer service to you,Canada,10,10,
https://www.opstart.ca/9-places-search-inspiration-business-name-ideas/,0,0,0.08,0,4,company naming ideas,Canada,0,9,
https://www.opstart.ca/set-payroll-ontario/,,0,0.00,1,1,payroll register,Canada,200,94,
https://www.opstart.ca/the-freedom-formula-redefining-your-entrepreneurial-success/,0,0,,0,1,the freedom formula,Canada,0,7,
https://www.opstart.ca/what-to-do-if-you-have-to-change-your-business-name/,0,0,,0,1,can you change your business name,Canada,10,9,
https://www.opstart.ca/why-the-right-name-for-a-business-is-important-and-how-to-find-one/,,0,0.00,,1,business name,Canada,350,69,
